{"IcoMoonType":"selection","icons":[{"icon":{"paths":["M1024 590.444l-512-397.426-512 397.428v-162.038l512-397.426 512 397.428zM896 576v384h-256v-256h-256v256h-256v-384l384-288z"],"tags":["home","house"],"defaultCode":59648,"grid":16,"attrs":[]},"attrs":[],"properties":{"ligatures":"home, house","name":"home","order":3,"id":1,"prevSize":32,"code":59648},"setIdx":0,"setId":1,"iconIdx":0},{"icon":{"paths":["M512 32l-512 512 96 96 96-96v416h256v-192h128v192h256v-416l96 96 96-96-512-512zM512 448c-35.346 0-64-28.654-64-64s28.654-64 64-64c35.346 0 64 28.654 64 64s-28.654 64-64 64z"],"tags":["home","house"],"defaultCode":59649,"grid":16,"attrs":[]},"attrs":[],"properties":{"ligatures":"home2, house2","name":"home2","order":4,"id":2,"prevSize":32,"code":59649},"setIdx":0,"setId":1,"iconIdx":1},{"icon":{"paths":["M1024 608l-192-192v-288h-128v160l-192-192-512 512v32h128v320h320v-192h128v192h320v-320h128z"],"tags":["home","house"],"defaultCode":59650,"grid":16,"attrs":[]},"attrs":[],"properties":{"ligatures":"home3, house3","name":"home3","order":5,"id":3,"prevSize":32,"code":59650},"setIdx":0,"setId":1,"iconIdx":2},{"icon":{"paths":["M761.862 1024c113.726-206.032 132.888-520.306-313.862-509.824v253.824l-384-384 384-384v248.372c534.962-13.942 594.57 472.214 313.862 775.628z"],"tags":["undo","left","arrow-left"],"defaultCode":59751,"grid":16,"attrs":[]},"attrs":[],"properties":{"ligatures":"undo2, left","name":"undo2","order":6,"id":104,"prevSize":32,"code":59751},"setIdx":0,"setId":1,"iconIdx":103},{"icon":{"paths":["M576 248.372v-248.372l384 384-384 384v-253.824c-446.75-10.482-427.588 303.792-313.86 509.824-280.712-303.414-221.1-789.57 313.86-775.628z"],"tags":["redo","right","arrow-right"],"defaultCode":59752,"grid":16,"attrs":[]},"attrs":[],"properties":{"ligatures":"redo2, right","name":"redo2","order":7,"id":105,"prevSize":32,"code":59752},"setIdx":0,"setId":1,"iconIdx":104},{"icon":{"paths":["M262.14 0c-113.728 206.032-132.89 520.304 313.86 509.824v-253.824l384 384-384 384v-248.372c-534.96 13.942-594.572-472.214-313.86-775.628z"],"tags":["forward","right","arrow-right"],"defaultCode":59753,"grid":16,"attrs":[]},"attrs":[],"properties":{"ligatures":"forward, right2","name":"forward","order":8,"id":106,"prevSize":32,"code":59753},"setIdx":0,"setId":1,"iconIdx":105},{"icon":{"paths":["M448 775.628v248.372l-384-384 384-384v253.824c446.75 10.48 427.588-303.792 313.862-509.824 280.71 303.414 221.1 789.57-313.862 775.628z"],"tags":["reply","left","arrow-left"],"defaultCode":59754,"grid":16,"attrs":[]},"attrs":[],"properties":{"ligatures":"reply, left2","name":"reply","order":9,"id":107,"prevSize":32,"code":59754},"setIdx":0,"setId":1,"iconIdx":106},{"icon":{"paths":["M704 512v384h64v-384h160l-192-192-192 192z","M64 192h96v64h-96v-64z","M192 192h96v64h-96v-64z","M320 192h64v96h-64v-96z","M64 416h64v96h-64v-96z","M160 448h96v64h-96v-64z","M288 448h96v64h-96v-64z","M64 288h64v96h-64v-96z","M320 320h64v96h-64v-96z","M320 704v192h-192v-192h192zM384 640h-320v320h320v-320z"],"tags":["move-up","sort","arrange"],"defaultCode":59974,"grid":16,"attrs":[]},"attrs":[],"properties":{"ligatures":"move-up, sort","name":"move-up","order":11,"id":327,"prevSize":32,"code":59974},"setIdx":0,"setId":1,"iconIdx":326},{"icon":{"paths":["M768 704v-384h-64v384h-160l192 192 192-192z","M320 256v192h-192v-192h192zM384 192h-320v320h320v-320z","M64 640h96v64h-96v-64z","M192 640h96v64h-96v-64z","M320 640h64v96h-64v-96z","M64 864h64v96h-64v-96z","M160 896h96v64h-96v-64z","M288 896h96v64h-96v-64z","M64 736h64v96h-64v-96z","M320 768h64v96h-64v-96z"],"tags":["move-down","sort","arrange"],"defaultCode":59975,"grid":16,"attrs":[]},"attrs":[],"properties":{"ligatures":"move-down, sort2","name":"move-down","order":10,"id":328,"prevSize":32,"code":59975},"setIdx":0,"setId":1,"iconIdx":327}],"height":1024,"metadata":{"name":"icomoon"},"preferences":{"showGlyphs":true,"showQuickUse":true,"showQuickUse2":true,"showSVGs":true,"fontPref":{"prefix":"icon-","metadata":{"fontFamily":"icomoon"},"metrics":{"emSize":1024,"baseline":6.25,"whitespace":50},"embed":false},"imagePref":{"prefix":"icon-","png":true,"useClassSelector":true,"color":0,"bgColor":16777215,"classSelector":".icon"},"historySize":50,"showCodes":true,"gridSize":16}}